NOME,E-MAIL,TELEFONE
Isabel Pereira,Isabel_Pereira67@hotmail.com,(51) 04118-0360
Luiza Silva,Luiza99@live.com,(23) 95867-0019
Roberta Reis,Roberta_Reis29@gmail.com,(33) 02015-1937
Sara Moreira,Sara.Moreira90@hotmail.com,(36) 23539-2327
Luiza Santos,Luiza.Santos@bol.com.br,(00) 29847-5932
Gustavo Batista,Gustavo.Batista@hotmail.com,(42) 34469-4828
Roberto Martins,Roberto.Martins@hotmail.com,(63) 86484-1249
Henrique Macedo,Henrique.Macedo@bol.com.br,(45) 89689-1056
Rafaela Moreira,Rafaela.Moreira@live.com,(83) 07545-4510
Warley Santos,Warley.Santos@gmail.com,(41) 22414-8274
Rafaela Silva,Rafaela_Silva@gmail.com,(23) 45892-3443
Alexandre Albuquerque,Alexandre94@bol.com.br,(20) 07379-4321
Emanuelly Nogueira,Emanuelly25@yahoo.com,(98) 25016-2872
Carlos Oliveira,Carlos.Oliveira@hotmail.com,(11) 40155-2675
Emanuel Saraiva,Emanuel84@live.com,(21) 88889-4261
Raul Albuquerque,Raul_Albuquerque@hotmail.com,(97) 84157-9125
Ana Laura Saraiva,AnaLaura_Saraiva48@bol.com.br,(27) 46017-6703
Fabiano Oliveira,Fabiano_Oliveira@live.com,(17) 43290-0691
Dalila Moraes,Dalila28@gmail.com,(49) 43963-7846
Felícia Moreira,Felicia.Moreira17@yahoo.com,(69) 23633-0107
Tertuliano Martins,Tertuliano96@bol.com.br,(01) 45130-0870
Maria Alice Santos,MariaAlice.Santos78@live.com,(13) 95510-8134
Manuela Batista,Manuela_Batista@hotmail.com,(69) 65427-0242
Liz Albuquerque,Liz.Albuquerque11@bol.com.br,(85) 71661-1612
Nataniel Souza,Nataniel.Souza90@yahoo.com,(32) 13532-2691
Melissa Oliveira,Melissa44@live.com,(32) 92625-5410
Pedro Henrique Saraiva,PedroHenrique59@bol.com.br,(97) 06996-5449
Karla Albuquerque,Karla.Albuquerque38@live.com,(73) 48326-6818
Ricardo Oliveira,Ricardo.Oliveira@live.com,(63) 95705-6182
Luiza Barros,Luiza56@bol.com.br,(83) 83998-8766
Natália Souza,Natalia85@live.com,(55) 21351-1990
Júlio César Braga,JulioCesar.Braga39@yahoo.com,(18) 25424-8525
Antonella Barros,Antonella13@gmail.com,(25) 89929-5259
Guilherme Carvalho,Guilherme.Carvalho27@bol.com.br,(90) 24535-0583
Emanuel Martins,Emanuel.Martins@gmail.com,(71) 73289-9094
Leonardo Costa,Leonardo.Costa94@hotmail.com,(29) 33585-1691
Salvador Santos,Salvador_Santos59@yahoo.com,(70) 41597-8167
Vitória Barros,Vitoria6@live.com,(14) 94009-7696
Vitória Costa,Vitoria.Costa76@bol.com.br,(87) 17430-6199
Natália Franco,Natalia_Franco@live.com,(88) 46439-4962
Sílvia Albuquerque,Silvia.Albuquerque45@bol.com.br,(04) 92667-0631
Anthony Melo,Anthony.Melo36@hotmail.com,(90) 16091-7302
Esther Franco,Esther_Franco@hotmail.com,(65) 11902-5302
Tertuliano Melo,Tertuliano_Melo@live.com,(04) 52193-0589
Felipe Melo,Felipe27@live.com,(94) 99796-6573
Henrique Xavier,Henrique_Xavier95@bol.com.br,(09) 10723-9327
Roberta Pereira,Roberta_Pereira@bol.com.br,(44) 71568-7699
Bruna Souza,Bruna19@gmail.com,(54) 62317-9926
Paula Nogueira,Paula.Nogueira@gmail.com,(49) 44118-9692
Emanuelly Carvalho,Emanuelly_Carvalho@gmail.com,(04) 69481-1227
Marina Franco,Marina.Franco@hotmail.com,(74) 22206-0267
Emanuel Melo,Emanuel_Melo70@live.com,(39) 94611-5624
Miguel Moreira,Miguel.Moreira@bol.com.br,(32) 26694-7127
César Franco,Cesar25@yahoo.com,(11) 43272-2089
Isabella Nogueira,Isabella34@live.com,(99) 38226-8009
Henrique Costa,Henrique_Costa46@bol.com.br,(30) 62362-3859
Ígor Moreira,Igor37@gmail.com,(19) 58369-1600
Guilherme Saraiva,Guilherme44@bol.com.br,(87) 12171-4491
Víctor Carvalho,Victor_Carvalho39@bol.com.br,(72) 75598-5067
Beatriz Braga,Beatriz70@bol.com.br,(60) 30775-4247
Fábio Moreira,Fabio_Moreira59@gmail.com,(08) 87162-5954
Félix Batista,Felix.Batista@yahoo.com,(35) 06886-8048
Carla Santos,Carla70@yahoo.com,(42) 11689-4420
Maria Clara Costa,MariaClara1@bol.com.br,(42) 48146-9570
Davi Lucca Pereira,DaviLucca65@gmail.com,(69) 15570-9102
Valentina Albuquerque,Valentina_Albuquerque44@hotmail.com,(54) 51703-4064
Miguel Costa,Miguel.Costa@live.com,(12) 33140-3737
Enzo Gabriel Batista,EnzoGabriel_Batista94@live.com,(68) 20400-9895
Roberta Costa,Roberta27@bol.com.br,(29) 46588-4066
Maria Eduarda Reis,MariaEduarda78@yahoo.com,(87) 05108-7674
Pedro Braga,Pedro_Braga@yahoo.com,(71) 11329-1631
Heloísa Reis,Heloisa.Reis@bol.com.br,(52) 04141-2866
Elisa Macedo,Elisa0@yahoo.com,(47) 71817-1309
Pablo Moraes,Pablo_Moraes@bol.com.br,(59) 32866-0054
Maria Alice Macedo,MariaAlice13@yahoo.com,(36) 29620-0721
Norberto Martins,Norberto_Martins@hotmail.com,(92) 33861-3066
Gabriel Batista,Gabriel47@gmail.com,(09) 46155-3903
Maria Alice Batista,MariaAlice_Batista@live.com,(76) 24235-1127
Júlia Moraes,Julia_Moraes@hotmail.com,(76) 68020-9851
Théo Oliveira,Theo_Oliveira65@bol.com.br,(10) 86283-4850
Henrique Costa,Henrique_Costa@live.com,(81) 74798-9800
Benício Xavier,Benicio66@gmail.com,(53) 13455-0186
Ana Júlia Moraes,AnaJulia.Moraes58@hotmail.com,(14) 02667-4777
Théo Nogueira,Theo_Nogueira@yahoo.com,(64) 26272-5564
César Franco,Cesar_Franco67@hotmail.com,(67) 94317-4923
Sílvia Pereira,Silvia.Pereira@yahoo.com,(26) 68350-3979
Feliciano Braga,Feliciano58@bol.com.br,(87) 96967-8904
Arthur Oliveira,Arthur.Oliveira16@gmail.com,(89) 07612-4097
Janaína Pereira,Janaina10@yahoo.com,(76) 99117-8468
Júlio Xavier,Julio10@gmail.com,(83) 38281-6440
Júlio César Silva,JulioCesar.Silva@hotmail.com,(11) 19114-3410
Júlia Batista,Julia_Batista9@yahoo.com,(28) 11668-4581
Lucca Carvalho,Lucca.Carvalho@bol.com.br,(30) 45791-5713
Cauã Batista,Caua.Batista68@hotmail.com,(70) 97930-0465
Felícia Santos,Felicia_Santos74@live.com,(78) 26142-0591
Hugo Reis,Hugo_Reis66@live.com,(10) 30147-5516
Helena Moraes,Helena.Moraes1@yahoo.com,(72) 03264-2042
Matheus Silva,Matheus_Silva@bol.com.br,(74) 37801-8477
Melissa Moreira,Melissa96@live.com,(23) 25965-2129
Heitor Braga,Heitor59@bol.com.br,(24) 14920-1879
Sidney Sousa,sidney.sousa@ifms.edu.br,(99) 99999-9999
Sidney Sousa,sidney.sousa@ifms.edu.br,(99) 99999-9999
Sidney Sousa,sidney.sousa@ifms.edu.br,(99) 99999-9999
Sidney Sousa,sidney.sousa@ifms.edu.br,(99) 99999-9999
